X1,X2
4.645332791,6.82229407
4.784032287,6.422882572
-5.85178639,5.774330585
-7.459591542,6.45641476
4.918910996,6.961479381
-6.010190064,5.091338896
1.066864432,-8.146954778
6.516788773,6.649863464
5.133779868,5.525236642
-6.809855082,4.935898655
6.35869258,6.532479723
3.30825879,6.19606614
0.1820936895,-5.193445726
1.017728411,-6.289135716
5.285472813,7.894073461
5.474933725,4.547031524
-0.1283080622,-5.846343722
-1.250104973,-8.244053077
-5.91644922,5.638097035
1.681092351,-5.835417048
-6.869463885,6.467694305
-0.07229182841,-5.913152968
6.270851773,7.8541683
-7.281449439,5.924844693
5.434025985,6.903589188
-5.882848626,6.307262839
4.870516196,6.843922916
-0.150841259,-7.437773135
-7.496651172,6.757993661
-0.1052321873,-5.730257985
7.509274254,7.027059621
6.066435608,6.361777349
-7.527564259,7.546882001
4.752749163,7.700718728
1.64654625,-6.542354749
5.328508914,8.380690475
0.7536315501,-7.940433064
3.375650241,8.520955973
1.81350931,-7.16283707
0.05782981967,-6.041162207
-0.09709648959,-6.045547849
5.564822949,8.452330722
-8.487946416,4.88313247
5.374719422,7.652943586
-6.793107931,7.301325608
-7.675633362,6.161664355
-7.323622106,6.925439362
6.010324154,6.371061476
5.134363534,6.365864825
1.034569826,-2.926036099
3.942593289,7.642078789
5.364948114,6.411930209
-6.252136116,5.789006471
3.755810218,7.516496052
2.389334247,-5.166572868
-6.444819726,5.731123968
-7.93276713,3.976774127
4.698233251,7.849056956
-7.132218826,5.35805516
2.007344062,-6.779946214
1.38257066,-6.538129803
3.642181121,6.950949822
4.612921911,8.458144604
4.571100633,8.278745014
-1.550769005,-6.798151617
-5.736598068,5.973036046
-7.143487668,5.422044401
-1.038191143,-5.063451285
4.969816997,5.920684252
2.247809489,-7.020602356
6.921836281,5.738739228
1.060708952,-6.904082246
6.558535427,7.294644898
4.596194181,8.184160452
0.9626557494,-7.887399755
5.011608535,6.147043837
4.914864699,6.436768205
-8.508647375,6.806309308
4.196737701,7.149766552
3.928976112,7.068323112
-7.721815706,5.873206388
-6.333418685,5.990163934
-8.044695631,6.165241303
1.253920248,-7.815477743
0.9688735439,-6.356416565
5.311932691,9.013033297
5.092346351,5.770171925
-7.262719355,5.621201503
0.5604548735,-6.247519204
-0.2077054531,-7.209756117
-6.646921507,3.741272248
0.9659245337,-7.071739626
4.756324478,5.95624526
-6.076680274,5.914559258
-6.395007721,6.113319783
-5.79719754,5.0906093
-7.699268055,5.930033642
4.972717891,5.701933111
-7.663405986,7.423346157
0.6829941987,-5.988026701
0.4696207693,-9.498748445
4.874539882,7.59318717
1.851455596,-7.454126914
-7.353317656,7.155580682
7.57741205,7.911545684
0.8279433257,-6.245603466
-6.263743359,6.528933968
5.181822839,8.441347865
-0.03207328897,-7.131383205
-7.569206631,5.724922452
1.466349448,-7.58422161
0.527816363,-5.293116707
-0.01061217157,-7.166145107
4.80061413,7.541878354
-5.036900684,4.900722255
-0.7514444154,-7.736917001
3.907386898,8.567336768
-7.458821021,7.095463433
5.133343496,6.409495257
5.902653473,8.177298737
4.95727395,8.504721221
0.02524153549,-6.116309461
-6.401566019,5.054644011
-8.601503523,6.189179603
-7.756612316,5.434382104
-1.053128918,-7.33235177
-0.3474884546,-6.834266784
4.827793306,5.296364122
-9.672281013,5.064607746
6.056285027,7.059609863
-6.731955446,2.99380189
-8.013876668,6.202535098
1.081951157,-7.106777941
-6.794163201,6.413375528
-7.025761563,3.575913427
-7.647757107,5.022901085
1.903559895,-6.96182807
-5.434788712,4.519990878
5.060299731,6.99858617
5.018032221,6.891587293
0.5408770496,-5.238157805
2.3960741,-7.395711349
1.298312758,-5.363232346
1.752308897,-8.034016585
3.565464813,7.07535227
-6.523433002,6.155201104
0.2359917643,-6.268505776
5.220484167,6.366106222
-7.996314799,6.666186524
2.677386147,8.37226888
-6.975981827,5.342456022
-8.674995021,5.356122574
6.381810289,7.241476443
-7.674274705,5.395565542
4.426791441,9.35588492
0.05875795263,-5.552898061
6.1866912,7.03832711
-8.617863162,5.516709363
1.904122159,-6.293167897
-5.647270103,6.473935349
-8.711821285,6.422011992
-5.513437349,6.072944329
-7.052770483,5.019630349
-0.2686703367,-5.971809295
-6.329939448,4.97440028
5.58254704,6.441723475
4.794745244,6.907073093
6.025570013,5.327507793
-6.048487341,5.053696183
0.9415797099,-6.86163191
1.675905695,-7.709209591
2.85325494,-7.99461181
4.414334565,5.955105712
5.739293889,4.788646731
7.38864609,5.937196855
-5.945872866,6.077366449
6.54879948,7.030749272
0.3000692533,-7.394230845
-6.841649792,6.157690008
-7.433410829,6.098890031
2.091825787,-5.034639251
0.5968274848,-5.250626857
-6.214543264,5.736954201
4.490221761,6.444717073
-7.747660456,4.839471975
6.208515831,7.482819619
-6.654811897,5.980012313
-7.206970503,5.695207205
-8.166181393,7.387376168
7.115574368,6.877306027
-0.7774576531,-6.589892831
5.389676367,6.783326605
-7.313677082,5.210355129
-7.695923236,6.534986175
-6.079687396,5.876032992
6.675708016,6.946102494
5.605119709,4.937202745
-6.265176743,6.061281419
-6.993386412,6.204581058
0.4447786079,-8.127893739
0.9464735835,-5.869542012
5.632031598,7.45815966
7.230752379,6.991338411
5.252465033,6.679452584
-0.0916781215,-7.790417447
5.318660056,5.887227776
6.8505377,6.570626524
-0.1063658732,-6.403334805
6.437573637,8.39943145
-6.219743008,5.697688342
3.764303867,7.5482791
1.149280675,-5.636897252
-1.10324481,-7.664265521
3.832750178,7.511071591
-7.533224785,3.76329467
3.458124344,7.167710076
1.460301681,-5.853213296
-8.098789637,5.589402673
1.738866644,-5.144617081
-6.875159791,5.290299763
2.062425594,-6.128409595
-0.07225187104,-7.122379848
1.125746638,-5.812427527
6.35457182,6.470417789
0.704802041,-8.690422996
-6.145540484,5.393676949
-7.281067606,4.280301193
3.819466296,8.111704978
4.406287214,7.341765493
6.016548389,7.177822769
-6.69329729,5.607853283
-1.381119833,-8.961191862
4.000822556,7.526210035
-4.669579698,5.712754419
7.085929204,8.473659427
-7.152013488,5.925183271
0.9814503585,-9.040127701
4.648398239,6.626778793
0.9211813161,-5.973187122
-7.435370995,7.760174485
-6.486251313,5.71276724
5.472039361,6.842789919
7.146775267,6.169280427
4.918143874,8.312724768
5.387181744,7.245727922
-6.805997802,8.310179927
5.47853651,6.593569445
-6.645113488,4.696775403
5.671847214,6.670662433
-1.175643533,-5.884222922
5.423817615,7.27072593
0.4568811817,-6.053285457
3.429339222,-8.013190939
4.398931603,7.044653952
-0.5278930156,-6.207130009
-0.07955696855,-7.640141002
-9.864352625,5.935724524
4.936757711,8.170331138
-0.6639150366,-8.763935456
5.141030198,9.490265422
5.551900564,7.22930058
0.5308141687,-7.496714358
-6.736959345,5.572616969
-6.642257249,4.558228536
-7.480558857,5.587454031
5.955569467,5.968066828
0.2860819024,-6.51158595
4.790008167,8.797489979
-6.708590197,6.019438203
1.155268736,-6.388150026
-9.523112297,4.511251438
-5.796289985,5.635752537
-6.890920142,5.908513554
5.944850808,8.275296942
5.536306532,5.917558868
0.3838542144,-7.092651433
0.3396447444,-6.818285099
-7.256667493,4.518517045
-0.4551753796,-5.591939579
-7.236243466,5.700449127
4.988848165,6.891457333
-0.5437180569,-5.564928745
-6.533242764,7.303136149
5.200249326,5.796887587
6.767398187,7.091445122
0.7400883566,-7.65110494
0.02662452491,-7.478194807
-0.4437776096,-7.184905186
1.486409812,-6.287646428
5.507654635,7.476174399
0.2052325681,-6.860950428
-7.135637791,7.397602963
4.747619242,6.050281367
-1.300596292,-8.211921266
4.822482049,6.546695242
-6.107151941,6.675823682
6.382114459,7.16049903
-0.5549354822,-7.570419952
-1.220223117,-6.572126042
1.933787001,-6.903693832
-8.244843236,6.163786645
1.44040629,-8.290995467
2.089181337,-5.802174038
-7.728376191,6.33134479
5.065029212,6.360316883
-7.766339816,5.386077186
-7.816796831,4.660591043
0.8750509985,-6.413188038
0.3859475122,-6.663256072
0.9409448934,-6.529640382
-7.344189228,4.676142146
4.336538927,7.322549375
-0.7194118497,-3.661011756
3.920578896,4.885121924
4.330859986,7.971650803
0.3392103625,-7.367054996
1.944375302,-6.186436724
0.04328446289,-7.905424196
-7.609123911,4.688214301
0.284903323,-5.931718616
5.546069945,7.09080307
1.004087675,-5.90810844
-7.065439796,6.391544821
-7.825346563,6.708330526
0.2229156601,-7.494893738
6.279745281,4.157860458
-7.8153323,6.059078157
4.227579838,8.264038492
1.128301513,-7.724465993
0.5543241592,-5.800561862
1.326010764,-7.28230618
1.859025766,-5.707204323
6.335549977,7.844254758
-7.534092031,6.821586541
1.302600343,-4.369376072
0.6588697146,-5.626515325
0.8048536637,-8.031828444
-6.962671516,4.666670953
6.556826708,5.206120807
-7.143651093,4.575087276
6.315767903,6.397052253
-6.740823472,5.327264937
-0.9247759185,-6.456993691
-7.032109463,4.772420473
-6.767267727,7.128600565
0.462328912,-6.176713974
1.64426902,-6.13028256
2.212084816,-6.413589088
-7.326866765,7.825930558
6.026064688,8.242832396
6.753235521,7.563681836
4.373402715,7.888489379
4.003064177,8.187603057
-6.401323528,6.511432183
0.4296204786,-7.852441854
5.901769892,9.217303917
0.2128711983,-6.833442563
0.3748701227,-6.684982374
1.30728175,-5.744367176
-8.390861604,5.417733532
-7.776239863,6.147021092
3.96608765,8.070860906
-6.314357015,5.542569711
-7.92622742,6.150355608
2.453211893,9.094458007
-6.534479882,6.132452514
-6.933881763,4.259993351
-0.2590592336,-7.092497813
-8.603750986,5.395202775
6.142166015,6.032428285
-7.373994202,6.033788265
4.913576729,7.230582284
5.129527959,5.87437691
6.016188002,8.564688671
2.043589263,-7.061829462
-5.93107564,6.168909137
4.68358616,7.174541976
5.298698249,8.185208798
-7.129858776,6.698506863
3.252457489,7.264449729
-0.6600142505,-5.427516593
4.703627197,8.096399838
0.8962114337,-6.665820443
4.62810748,7.857273799
7.00819189,7.924573321
5.40816698,7.312845145
0.3539490544,-6.810643545
-7.160738816,5.447003074
5.488067246,8.14299957
5.725256247,5.688823128
0.7447180072,-5.023891253
0.8024610408,-6.056536218
6.652661006,7.789889982
5.058187706,7.825199736
-0.2354733022,-5.276681063
1.34185585,-4.776676855
-1.552474225,-6.99269914
-0.1962791238,-6.242398398
4.03836785,6.915989689
0.8856239249,-6.560872115
2.139968364,-6.695694516
-5.354586222,4.916963333
1.969596624,-6.032645108
3.950250363,8.392042683
1.663844198,-7.804800909
-5.589180002,4.951628966
-5.798673562,6.261748672
-1.066088862,-5.486921859
1.005446892,-4.775528782
4.102820225,7.209259898
6.646405642,5.424277567
5.963473398,7.758436405
1.660910852,-7.027427629
-0.6721797624,-4.767143306
1.539534748,-7.380704774
-8.086072174,3.396081002
6.348924601,7.86340714
-8.637527072,5.891504933
6.021263443,7.163024548
-7.098977902,5.25931213
5.552775497,6.68496585
4.064916522,7.894151738
0.1002868527,-5.595729787
6.557217116,7.919145199
0.8768701445,-6.140667055
-6.200550516,4.530172572
1.01848025,-5.245582244
4.758756511,6.628725874
-5.888887677,5.414228522
7.023287883,7.182540305
-7.841338778,2.976862577
1.359130755,-5.576173504
5.754381157,8.523760136
1.693450077,-7.746253825
-7.466402933,4.913089139
-7.560311346,5.265259112
4.865496923,8.41483796
-1.556939984,-8.423981347
5.953160953,8.050222215
1.962049389,-7.32577727
4.001795921,7.524223638
1.138668147,-7.109943229
-0.4907244121,-6.674638334
-6.686814746,4.815124841
-7.520588651,5.217005546
5.104039119,7.575016016
5.353050777,6.613563487
0.5486060734,-6.47268795
1.366774796,-7.598657747
3.95563901,7.270721198
4.109730435,8.564943938
5.264016754,5.508241298
1.919432497,-6.44142093
6.659167172,7.420943619
7.442810053,6.87800074
4.499387411,8.346379851
1.370230215,-6.792244631
5.152465512,6.5098893
5.990210871,8.861006545
-7.202759326,6.161846995
6.373073433,7.273386047
5.201483393,7.988926506
2.220839433,-6.87440327
5.70842978,6.711063615
6.148828024,5.753218741
1.427242823,-4.806475652
0.9388798789,-5.723584925
4.678751198,6.933956465
-6.57848028,6.410807888
6.136998588,6.679472685
-7.869404804,3.339757749
-6.319542244,4.624089212
-5.987704105,7.641566446
5.482697141,7.529518926
5.638180408,7.734185837
1.591237315,-5.273941311
-1.27358014,-7.299291234
4.774453503,6.431004373
-6.718214501,5.825519558
0.1641270264,-6.662027913
0.8940540455,-8.075641454
0.6380360749,-6.673719941
2.554676838,-5.127633468
-7.606763015,5.88213069
1.030862927,-6.605900182
2.037085805,-5.283777805
-5.510673423,6.474459096
1.144625253,-6.070741615
-6.649876166,6.849518449
-8.204123433,6.156819881
-6.694909288,5.957036015
4.318995105,7.524218507
0.8365166636,-5.550544946
5.351242723,7.202275167
-7.942920433,8.06992473
-7.917516433,5.676239122
-8.669402339,5.936095061
-6.560030268,5.411254905
-7.75084494,7.036889696
6.005705852,7.683671844
0.6502717207,-7.408470946
4.696305879,7.857092151
0.9428829692,-6.177407743
-8.115967661,6.320648096
-6.821116487,5.037154596
4.985774471,6.683368093
6.296101719,6.628905975
5.798277082,5.297173726
0.7577587629,-6.34457308
6.010862998,9.257865282
-7.502761586,4.411829244
-0.4051120752,-6.461855246
6.978020632,7.980559557
1.794005913,-4.13418753
7.170799907,8.072667746
-8.039785818,7.768482636
-0.2049423887,-6.553643872
-0.1489968609,-5.016147128
-0.5316880451,-7.226698442
-8.068998014,6.361999377
0.3809776908,-6.256650506
-7.527524616,7.201410177
7.524812426,7.748417533
3.874165924,8.505816941
0.9211929584,-5.667261378
-5.08083328,4.867999798
-8.192977468,5.311610565
6.546051933,7.047320495
1.45672954,-7.932134274
1.455741828,-6.080772402
4.266620554,7.799512544
5.408221655,7.448338352
6.50778498,7.374909676
-0.9604294155,-7.990338975
4.257570659,8.190014212
0.7153949477,-7.785614998
6.825324029,6.176805814
5.654057983,7.124779152
-7.652451475,4.735591534
-5.561716077,4.839442551
-9.48662324,6.936175598
7.03840604,5.567658497
1.099449034,-7.458269219
5.238180719,8.632516614
0.7462359905,-5.752780331
-7.677166335,4.427751005
1.107884448,-4.587547178
-6.280754576,7.305781614
-7.747953364,4.943666552
1.490527665,-7.102253721
6.650140494,8.600964663
-6.181406164,5.946174249
1.448318694,-5.321863721
5.753952867,7.121959018
5.163027885,6.149897845
4.07400998,7.175105212
0.2635620026,-5.871483836
0.3442840051,-6.733316243
0.04478595022,-7.951117937
4.32998118,8.136818583
-6.332898876,6.065359076
6.916057116,7.045164523
4.848989811,7.832137692
5.086752118,8.521094312
0.1609114878,-6.531960991
-6.856635831,6.13164791
6.41562082,7.786647353
-6.431048806,6.600511295
4.626704445,8.146021672
6.870070579,7.780341762
0.8490499829,-6.438222252
0.6005700252,-6.377385562
-6.498678357,7.466474649
0.3594462283,-7.447144125
5.954509373,6.565095383
3.594744898,5.785077919
1.295080603,-7.18836561
-0.02092502731,-6.28304493
5.5804402,6.479854332
5.133394076,5.782090463
-0.406508601,-6.416416473
5.271299838,8.040969742
5.563901573,7.069054177
0.4750652862,-8.112081079
-0.07126485883,-7.353682282
1.280685546,-6.978578029
-8.905589897,3.760187226
5.774809501,8.391556488
2.086838315,-7.303225477
5.21803796,7.749707089
0.1286440591,-8.058452616
-6.258236582,5.211172078
7.136048307,5.878826166
-0.1332296479,-4.85777173
5.660803236,6.993279489
7.168020509,9.225736776
-7.479851739,5.701318635
4.960593574,4.311648046
-7.102172285,5.428381636
6.888579672,8.041443568
1.992176826,-7.583956318
-7.478251615,6.159588956
-8.31415816,5.646011661
-0.2110250257,-6.969329857
-7.36840243,4.99297779
1.24706433,-6.691271247
-6.235123515,5.816925066
-6.45927459,5.778043501
6.929240923,6.971108701
-7.169469456,5.504169951
4.208245655,6.765782243
0.08400963012,-7.201679427
-0.637001581,-6.016568661
0.008423821764,-7.295408129
-7.904467244,4.775145331
0.218906375,-6.929747531
-7.11696523,4.721756618
-0.3171217502,-4.528482569
5.097778094,7.474379835
-6.324323498,4.960209285
0.9623763961,-6.459581105
-6.871544928,5.796252742
0.585157336,-4.89187254
4.760826481,8.054434682
0.3694992395,-7.50413886
-6.318547697,5.836522584
-6.332368797,4.383962302
5.234406131,7.179439153
5.042378312,8.656026899
4.353644188,5.965280488
1.859196519,-6.519935058
5.553604478,7.685954425
-0.5332885095,-7.833902415
-5.006658455,5.098784625
4.368796037,6.268245115
0.3052500922,-7.187468551
6.340707246,6.96856318
-6.838971999,6.324120782
6.199451438,4.699605932
-7.686788881,5.183628709
-0.3695315855,-7.21488289
5.394134389,7.583275225
5.873161668,7.477718517
0.4055878016,-7.471490351
4.314501752,6.872337721
4.146316314,8.352411647
-0.1122812897,-6.121571388
-0.3683535187,-7.138160908
5.895776165,7.200574152
4.78272112,7.989604175
-0.2951907924,-5.833907539
9.37084531,6.866567735
6.402814942,7.650547066
0.07401216733,-7.824813113
0.5488426613,-6.401504989
0.1000837934,-8.346755969
0.2323218775,-6.941403947
0.8023700508,-8.219402228
5.147498605,6.37852668
3.938142614,6.364141926
-7.200069517,6.36528195
-0.6802098734,-7.055431557
-6.267059977,6.293872519
0.2782190282,-7.643012038
2.461394112,-7.348645668
1.137383999,-5.176903905
4.26035556,6.353325661
-7.139646683,6.06561998
-0.8446506582,-7.450588863
-6.773776925,4.851904999
1.312600295,-7.957348228
4.511743562,7.233160143
-7.692748927,6.764061206
4.819180135,7.892545758
0.9319565703,-7.381310884
0.8030581728,-7.159860619
1.712240228,-8.062553457
6.211194008,6.426420472
-0.2971225615,-6.359435712
-7.707414601,5.335951311
-0.8613162726,-7.375957844
1.945900547,-5.341672574
3.982532074,8.168843678
1.36724491,-7.318312739
-0.181571512,-6.535894272
2.411391495,8.448915596
1.03897812,-5.728016451
0.6768297521,-6.046662336
0.8516515064,-6.846353819
5.996077295,8.157325399
0.5815689649,-4.427964933
-7.539733556,4.86840739
-7.685719725,5.192869735
-8.005150884,6.832276521
4.467601113,6.648448314
-0.5860642711,-7.602192658
-7.728563362,7.981065757
-1.368534652,-7.090859003
-7.086934874,7.350874282
-7.572124507,7.621686846
-6.386036974,5.484881201
4.182919568,5.935197789
-7.765791526,3.843224162
6.55746917,8.928147609
4.583852222,7.599973891
0.3512896622,-7.799707241
0.7635058886,-7.33056352
1.399691144,-7.060082538
1.654318668,-4.243166399
1.619223902,-4.634184792
5.812148792,8.529748003
-7.088877231,6.863999087
4.744709518,7.704855992
3.65654855,8.835015706
-8.901978124,4.4526025
-7.276701425,7.113328222
2.78612541,-5.930755829
5.111140461,6.830149027
4.03691868,7.970585505
-7.257842615,5.197639908
-6.727592024,7.61355959
1.088387286,-5.99451179
5.371909236,7.68014222
-6.417785254,4.850928036
7.063059208,7.034633308
4.701822229,5.296505817
-7.70975805,7.108459348
5.318264472,6.182074812
0.5563859603,-5.142421965
-6.350137637,7.076458859
-5.261037427,6.404537641
-8.644757975,5.407526383
6.918590829,6.013038883
5.93401713,8.208012797
6.756723646,6.654985997
0.6221889618,-6.230105194
-0.5179899922,-5.508882894
4.953674601,8.693562757
-0.6864576839,-6.946234891
-5.916988183,5.545376934
6.941423186,6.67444835
-7.494821714,6.573992056
5.477085161,8.172225591
-6.028997908,6.98781983
-0.9245569029,-6.939824601
1.437996437,-7.46580046
4.244861257,6.232798602
-6.144510246,5.792925394
-0.8025563512,-7.620937696
0.5567804468,-5.497007769
-8.182395878,4.044195035
0.6692370883,-6.857052401
1.597911158,-7.381092341
0.8852300076,-6.664198255
-1.038907369,-5.498378049
-7.155984572,6.720183101
1.127511912,-7.834168049
2.36625458,-3.52488745
0.2917233691,-5.908894856
5.146047145,6.430926923
-7.185075185,5.699477966
0.5109563111,-7.374129001
5.555667461,8.746692825
-7.312693449,6.33728614
-7.008439005,4.791647642
-5.976661974,3.202525009
2.1237559,-6.557375666
1.199836614,-7.950062643
-7.328949543,6.102364898
2.298335432,-6.393731377
-8.205926686,4.133271166
3.631859396,7.352535169
-0.4021199388,-5.893655592
6.99209717,6.31192715
6.024689295,8.250934935
0.06987657245,-6.50795879
-6.314832073,7.130791722
4.555340672,6.140954513
1.257703412,-5.123843471
1.777759833,-5.782097183
-6.033382471,6.785843072
5.653021437,6.292404697
3.284470611,7.476787327
-6.951461243,7.456622912
5.753478378,6.286883117
4.909625729,7.014078512
-7.434405671,5.079791772
-5.646856022,6.687699214
3.568418715,5.371014642
0.4293326092,-5.989249796
-6.534361889,6.907161655
-0.06660324497,-5.601093359
-0.01615688377,-8.006825838
0.6584833207,-6.860060996
0.2363859469,-7.153335137
5.423018295,6.586095392
-6.712455411,5.927347789
7.661953838,8.279720604
4.866431833,8.228541411
-8.208933506,5.973726534
0.6037933096,-7.987972026
-6.397862904,5.666313698
5.699122088,9.021758879
4.27724303,7.273531401
1.913501995,-6.236483451
0.328937902,-6.91854215
5.330702104,6.980361656
-0.4836506994,-6.13994166
-0.2647747532,-7.982832405
-8.967693597,6.396528895
-6.134399612,6.593374983
-7.008380983,4.868297895
-0.6485999776,-8.675870038
-0.07548231068,-7.72725585
-6.147123245,5.215150842
-5.560906179,3.558451294
4.016579161,6.214074895
0.882470159,-7.136724356
-6.118693159,5.145408232
-6.921081115,4.852134914
-0.4136196772,-8.265417588
1.35132005,-5.466098314
4.486816852,9.152836124
5.780506743,7.837278156
5.628302483,5.896998897
1.153195277,-7.409475452
-0.7462035539,-6.704330246
-8.463188499,5.244594
5.669770144,8.140450641
0.7897047788,-5.334986915
-10.50350812,6.743594185
-0.932893271,-6.665407129
-8.240245769,6.37371483
3.972738004,9.648518238
5.33354337,4.637770279
-7.629669964,4.443878647
0.4876420929,-7.099349076
0.1068744238,-6.054310002
-8.087172051,5.471520349
6.017682753,9.613798595
-8.903236488,4.3319824
-5.84816428,6.06679051
-6.126777676,5.607798187
4.791663328,6.097142373
-6.270965063,6.118366885
0.5370463901,-6.632790491
-0.2130242336,-5.10355282
-8.33800377,5.79702703
5.713196066,8.533181041
-6.609480922,5.746758818
2.282893752,-5.68417079
-0.3987773063,-6.446408604
3.769865532,6.944913647
1.897110494,-6.030062518
-6.165498383,6.272680779
-6.752099076,5.529049765
-0.6640776804,-6.153445705
1.022749306,-6.030510783
-5.440384159,5.818410559
3.983785541,6.738045736
7.080344978,7.777294038
-7.53470812,6.910317331
1.785816344,-4.698832545
-8.475861863,8.484205495
4.549214493,6.114066389
3.382859703,6.408962492
-8.883712472,4.943945286
-6.487934045,4.329738636
1.584418436,-6.68116155
0.1599463798,-7.011899094
-0.7008275131,-7.914222736
-8.1626847,6.191328755
-8.5309224,5.608053316
5.493854044,6.606310724
4.458071248,5.859687955
4.459650357,6.105876275
5.259317427,5.983838725
5.552725001,7.644167986
1.027779061,-8.074843225
2.421071295,-6.411055193
-6.522425616,4.741288532
-1.507335311,-7.302708819
0.7673444572,-8.533547
5.236341776,7.061351334
6.560786763,6.659300054
-7.252099225,7.88285408
-6.832796431,4.753381773
-7.011137805,5.77854011
-7.618555615,5.409231163
-0.2055565576,-5.756567336
5.842792599,7.395721512
-7.130014184,7.199603567
-7.175017648,6.458752244
-7.51886184,4.789767326
1.202267147,-6.646674795
-0.04923486099,-7.770478584
5.75213946,8.560746082
-7.918278502,4.711062198
0.837470928,-6.166521373
7.715828989,7.777747015
0.4751120427,-5.676410687
5.319028502,6.609811919
5.408058048,5.651164184
1.209038683,-4.5588558
1.056490034,-6.93366982
4.452435088,7.960561898
0.8619117584,-6.44690089
-0.6281229739,-5.833030712
-6.287556078,6.085598995
2.078395016,-7.216239066
-8.394729298,8.347919022
-0.4238307656,-8.217707915
0.3998942192,-7.11337922
1.749896386,-7.441312608
-6.695761613,4.245085229
5.514270666,8.511861436
1.269784575,-5.529525274
5.590978359,6.713046642
1.258538443,-6.272641266
-7.756451148,6.345898017
0.3181222936,-6.699507702
-7.179263428,5.906086097
-6.172973354,5.576790274
4.80486907,6.569133946
-6.900529721,6.557840774
0.5057409363,-7.978916741
5.642105742,6.703216992
0.06102930881,-7.153808587
6.669221118,7.67612462
5.992255859,7.05714648
5.924211833,6.84193846
-5.041947934,5.29868514
-6.65605595,6.977249654
6.035108434,7.748256925
0.9601552245,-6.529173385
4.172440331,7.574914384
6.901410159,8.307748811
-0.7850054351,-8.596125858
-8.442201053,6.386142823
0.2164890436,-5.046162638
5.611918997,7.985909139
-5.687778735,7.050099149
-7.841426255,6.660185979
-5.112412602,6.942850119
5.07583219,4.314944474
0.1021421374,-6.964133292
-7.719347202,5.917491518
-6.822347859,6.809138773
4.617865161,6.371200792
-6.112828692,5.278364347
6.764918762,4.8469257
-8.348089669,6.553811866
-6.880025287,4.265632855
0.4640010771,-8.774213791
5.508960602,6.782471573
-6.32751994,6.712274506
6.584568593,8.823235945
2.977397781,-5.668294592
0.6045412288,-7.389097713
5.433939257,7.105522826
-6.241924817,8.367564326
1.673020244,-7.001768079
-4.950277695,5.909057234
-7.600516129,6.729367157
1.382426025,-7.679330513
2.75092147,6.683498507
4.981552854,8.028619225
-7.211132369,6.512129198
1.918878403,-6.107936555
-6.279772632,6.633068701
1.133854987,-6.695934364
0.7415962082,-7.723173411
-6.647440455,4.744921474
0.2706377053,-7.211895699
1.690729311,-6.662259938
-7.449090036,6.003247195
1.510229112,-6.096416981
-7.519061404,4.650312954
8.057522154,8.514535652
5.709424685,8.217616477
-5.679675304,4.79284271
1.37978881,-7.751440215
-6.515290756,7.920531876
-6.425677562,6.321083977
5.290209809,6.611652114
-1.230311138,-8.295032074
0.941620913,-6.607851073
1.29374141,-5.135013451
5.067485846,8.622381711
-9.187276809,5.1711777
2.883853099,-5.661274199
4.637718755,8.348218451
-5.373043068,5.274236927
6.822561392,9.109135579
-7.831228932,4.367963577
-6.009482009,6.978409862
4.138998195,6.089318564
-5.737554411,5.214425829
-7.942703772,5.498023508
-8.937249852,5.724121529
4.782239736,7.828972244
0.9248442774,-6.488358987
-0.2676335552,-6.510455164
5.852329899,6.650908653
-0.7393564585,-6.392719025
-8.326531797,6.358473441
4.177445153,6.400230412
0.1128739972,-7.477942339
1.429187651,-5.398173792
-6.967583915,5.967590637
-8.191193209,4.017868845
7.408488001,7.500705693
-0.05253895771,-5.573513277
1.291297972,-5.465541332
6.022163212,6.109243775
4.528397817,7.411069031
4.766076055,6.32353753
0.9834983152,-7.199634581
4.64777454,5.040983197
5.430809663,6.661986774
0.4920545133,-7.066232171
-6.533752501,7.481105824
1.370407889,-4.767371064
0.3557040253,-7.518484053
-5.855474405,6.15770134
3.319334568,7.593682009
-7.837414466,5.624823105
-7.608465168,3.154919563
-6.283893479,5.608937627
-7.320790765,5.766897103
5.722471894,8.216827355
5.775607138,8.010369887
6.426940377,6.836499118
-5.86094183,3.924332437
-1.202490995,-7.521947437
5.189683127,9.864338008
7.192594103,8.023763674
-0.5092015795,-6.496820732
-1.470717173,-7.559457189
2.264795125,-7.200754112
-8.816987519,3.248709825
-7.384280402,4.261837554
0.8669773334,-8.534993779
4.303439565,6.142830815
-7.93214394,5.656036363
-6.318189653,6.29036221
-9.190536171,4.970583815
0.7934777658,-6.79808938
5.614108427,6.258935402
-6.790458926,7.352930856
0.8316249001,-5.468556504
-0.2125424702,-7.142752333
5.558755254,5.948139434
5.361850706,7.278111211
0.7624542534,-6.096799312
3.206221918,7.31584234
-7.442971936,6.869681608
-0.7758775313,-5.749063189
-7.094970282,6.726408624
3.747653679,8.215742707
-7.20824044,5.003500595
1.656658776,-6.673407351
7.507371058,6.52985777
-7.023913164,6.55316646
-7.148351602,6.208762353
0.3073439306,-6.081788406
4.999666213,7.549483517
5.50383544,6.559690335
-0.402324221,-6.323079793
-4.79461563,6.539537458
-7.659278903,4.979414345
-4.873750475,3.998344975
-4.798952273,6.833465397
0.1961610509,-6.076848462
0.3291341582,-7.215665825
-6.082555915,6.930111758
-8.909726122,7.157526472
5.787215761,6.905549288
5.226456179,6.784380895
-6.903929378,6.937931504
5.474051648,7.132051364
7.63661522,5.246574042
6.022345596,7.35615205
0.4938699868,-5.672629115
3.984174008,7.299882514
4.636159939,7.318919155
-8.897318125,5.938983478
-6.166356774,5.710914845
-7.251730249,5.707490495
4.213943655,4.858988871
-5.975050062,4.375489101
1.911103728,-8.927991766
-5.684413766,8.080838344
-0.7145919494,-7.025430181
5.177242344,7.555423562
5.504218206,7.416387056
6.946876433,5.879285783
-0.2120612535,-7.612818095
-7.369403777,5.020362428
5.684604492,6.644248024
-7.289868407,5.781085258
6.323522243,8.135004912
1.486448649,-8.504781244
-8.761879494,3.558535439
0.6493779913,-6.44345233
5.515137958,8.472603687
-5.919779846,6.32697492
-0.6546983365,-5.83600498
4.79077391,7.910302091
1.21685278,-5.964106972
6.003082494,7.907458324
5.816708669,7.926847132
-6.779933459,6.634958183
-7.922015017,6.934251267
-8.292466433,5.568543788
6.201692624,4.973365278
0.2763450031,-6.800606705
1.124186001,-7.456190464
-0.07918110046,-6.595080809
-5.936242429,5.229420137
1.59668821,-6.166174514
4.109090306,5.956946233
5.724097211,6.943302152
3.601312404,7.201177797
-8.247346755,3.701289363
2.650768254,-7.894752094
5.349067558,5.569944991
-7.107871501,6.620258866
4.289193058,7.296678774
0.5792641434,-4.79391916
3.413346693,6.02720054
-5.958611656,6.703108074
5.224234536,7.238801066
4.892469556,6.369608458
1.65264103,-8.418003929
5.338875517,8.371668824
4.574250844,8.066440459
-7.989842363,5.49483485
-8.030203467,7.152413672
0.8461755843,-6.582276527
1.461154828,-5.169804823
-7.415351661,4.454326056
7.641291171,8.746977568
-7.559142476,6.205518792
-7.894814653,6.364956429
-7.999161482,7.031420634
6.110728566,8.01670053
2.73218909,-6.405210635
-6.466505672,5.144260704
-6.843728322,6.157917522
-4.57601568,6.662013944
-7.588591152,6.832506521
-7.982935808,5.417472063
-7.910325933,6.910985221
-7.065836665,6.513504708
0.2369128633,-6.154330668
0.6670300549,-8.688309215
-7.511822486,3.857030867
1.542296707,-5.479995373
-4.297180482,6.196622558
-7.32659232,6.019212175
-6.920421245,6.427059061
5.909560486,8.110375184
-5.892898568,3.421678064
-0.2592195867,-6.133453594
-7.258376799,3.204552723
4.818337378,7.042305986
0.9087577337,-6.816854011
2.40872772,-8.209723243
0.2416790783,-7.397614128
-0.3499581869,-7.076623165
0.5530650954,-4.8916775
-7.652103064,5.617421299
5.80694751,9.109885856
1.790181748,-9.284277204
5.075209204,7.268792442
-6.583964216,6.195811553
-6.908094625,5.166995849
3.409496842,-6.976612687
-7.396322373,6.508490411
6.296614254,7.756844961
5.601036777,6.045687493
-8.401726938,6.957026596
1.093582002,-6.532569765
5.280956234,8.200316634
-6.731213913,5.938484725
0.2687093251,-7.183367461
5.29052282,7.738333633
0.7726699385,-5.127448529
1.353511497,-5.688568565
0.4115314604,-7.958296014
4.88954933,5.908436973
-7.381191148,5.773679595
0.2492343052,-6.846502485
3.666548847,7.243424712
6.370254326,7.423991329
-8.491718308,7.395480068
-7.535460176,6.26350838
2.542997841,8.14696203
5.161485452,6.109605041
-8.794689817,4.417425193
3.020853944,-6.60703051
-7.589185649,7.38374011
5.54935818,7.548368051
-7.563532134,4.667605503
1.792009083,-6.517253137
6.17769486,7.005567346
-6.782326734,4.068004614
-7.961909163,5.931421901
-7.381928916,6.736920796
-6.993527396,6.570355525
0.7465814506,-6.055907465
-0.2240454924,-5.73440142
5.208813189,8.874983409
1.181265613,-8.154192468
0.2791863616,-6.362529044
1.519783242,-7.63294514
5.181048622,8.220471741
-7.564487329,6.834475561
-7.010282469,6.550711081
4.52372573,6.934200134
1.218663533,-7.149204164
-6.342048764,4.803438168
-6.477766154,5.397370242
-0.127363806,-5.8387703
-7.339305447,5.587518871
5.211434971,6.723736796
-5.273827814,4.767383821
-6.71649371,4.941741007
1.779969938,-6.394846664
6.233810497,7.382765775
6.519219599,6.401767209
6.362512332,6.164770869
6.438814109,7.040316252
-0.4146408883,-6.14933962
-6.682487775,5.486674308
-6.590326382,4.968895251
-7.271126611,5.541241109
4.211943577,6.760612394
1.066150323,-5.979336594
-0.8173735518,-5.776355924
-1.068512031,-6.898308185
-7.603059483,6.178336214
8.02725233,9.871754295
-7.692595374,4.567276588
-7.915457513,4.813626941
-6.501023307,5.505921754
1.037829461,-7.708320158
5.02675709,8.177047296
-0.4106126103,-7.302887808
-5.939852881,7.241204349
0.7602225332,-8.249156116
-6.39972691,5.88909833
6.075671715,7.66669737
0.2137719965,-7.15603777
-7.302502738,6.633484761
0.5011830641,-6.140412433
5.350328587,6.431457242
5.101747253,5.553113512
-6.903766965,5.04824036
5.597874237,7.710308456
-7.44589187,6.320713907
1.033106633,-4.494595168
-0.7120113658,-8.257723238
1.520596365,-5.802472946
-6.829937784,4.124927472
4.01425113,6.962879595
2.349114327,-4.942587484
-6.69821956,6.392764143
-8.826173982,6.278913623
0.2378732824,-6.190314299
3.584037699,5.928613241
-0.0221605587,-6.238583461
-7.414984567,4.961218553
1.584933026,-6.6561281
5.779257087,8.046766974
-0.6586484403,-5.89971689
4.801648605,6.995710792
-7.377828579,6.648038009
-6.227378718,4.936114061
-7.177612333,8.013978683
-7.731018253,7.487241302
5.849083855,8.451579727
6.027707488,6.708277749
-6.253189636,6.420761524
1.383744779,-6.106132842
-7.005141099,6.073576241
1.50592673,-5.807296483
-7.885038618,4.917168008
-8.63912887,5.689914317
2.877149455,7.103816227
4.080834781,7.512693356
5.923657112,7.608349876
6.705501223,8.164897274
0.0114063749,-8.279516829
-0.3763656664,-7.242370828
-8.249551337,7.379962788
4.988911931,5.972709834
4.254587697,7.593034708
-7.343762909,6.210245083
0.4080460538,-7.126808557
-6.996328318,6.019953709
-7.597519655,7.456637195
6.652738736,6.469260145
1.661678623,-6.817456563
-6.810690416,5.168467935
4.432011945,6.138110796
-6.88099684,5.862443623
-7.399233844,5.343689685
0.8687277646,-5.820646619
0.6180209192,-6.922882731
-5.898441582,5.316849199
-7.467184524,6.179858785
-7.023857634,6.889009357
4.697135043,6.862629101
1.608598187,-6.287351357
5.475899594,7.124859074
4.113761102,7.332806434
5.446554293,9.632402274
1.40876467,-6.919207857
-8.058297715,6.878956183
3.992801866,6.122270486
1.025493492,-7.351071717
5.467976527,6.775218888
-6.333782048,5.533925318
6.051803682,6.936156076
-6.47108536,5.324146832
3.982945182,6.327278268
1.795963275,-5.669532165
-7.127869964,5.782233573
6.196327116,7.186520459
4.228163367,7.470440858
-6.842191755,5.577951807
-6.790778601,6.029029847
0.3263081908,-7.787686521
1.566584168,-4.915863876
-7.144388557,3.728943096
-6.624896428,3.775892351
3.892566349,6.749609959
1.60612382,-8.231522704
-8.368859538,6.760954058
-6.457868461,4.874879954
0.8985683217,-5.63284658
5.834360098,6.921353987
5.841797615,6.450062568
-7.352654942,6.233507177
5.938601598,7.657497448
-6.356682809,4.33076625
-6.588477283,5.056941656
5.107765615,6.734472929
1.390613688,-4.727989759
4.93742642,5.140838441
-6.512291609,6.224340418
-6.432686189,6.285402309
5.633567306,7.124760455
0.2381436348,-7.466294209
-0.3646030165,-7.187040055
2.116420139,-6.708154117
-8.475124965,8.07702833
1.409589934,-6.100951611
-8.383175158,6.347841053
3.673925033,8.509874351
-9.06215559,8.403631824
5.370815825,6.086994617
4.318315982,6.698034526
-0.5038123192,-5.823007392
-5.91862409,6.538605591
-5.86302295,7.5717018
-8.224575476,6.736843945
-5.495123438,7.313244034
5.779677763,9.45396484
7.096761377,9.046309181
0.7218134464,-7.994695347
5.374445257,8.603130505
-8.227072362,4.797500851
-6.34315127,6.059744758
4.743404957,6.121400909
0.4263474042,-7.221277582
-0.8340212684,-6.512539952
5.541488622,5.846886756
5.877043643,5.785492849
-9.222244626,5.160034072
6.144926969,5.88111799
-7.019373843,5.723756209
6.559592614,8.317664677
-7.6584399,4.770454433
5.855766388,6.820879281
-5.266195145,7.021581121
3.208997689,8.69116293
5.306901256,6.532307486
4.126840875,8.144363552
-6.493586281,5.508229647
-2.335806885,-5.370468976
-7.094294446,7.715310577
-9.146848768,5.097601406
0.1565731234,-6.425264515
-5.640294356,5.130495676
-7.63244581,6.106572624
-7.572992674,6.381364807
-7.211332919,6.144114589
-7.316229262,6.591179967
4.627568061,7.869019364
-6.632514969,5.475488905
-1.952922999,-5.722718159
-0.1444020295,-4.972322182
-10.38518896,6.350476705
5.489343488,6.256917023
1.385493791,-6.502623806
-7.604164391,5.814505656
0.1087555919,-7.300555491
-7.11672493,4.114019253
0.2342647255,-5.758470289
0.7873522775,-7.663991906
5.199580196,7.250139028
0.5588414648,-5.327723219
1.416768953,-7.356679659
3.748836202,6.315886402
4.938483223,8.193958542
-8.298446631,5.214198976
8.922065834,7.25531079
4.388155724,7.306590723
1.78650197,-6.084491627
4.614768457,6.476756209
4.789190119,7.974633029
-7.192863034,5.137039394
-5.307656509,7.934556056
-7.100063666,5.676863682
5.979335999,7.765104342
1.240075131,-4.693414709
4.435043782,8.298999643
-8.422792746,7.437957403
-0.05385617198,-6.930177466
-7.424134536,7.465466772
1.141239976,-5.124724103
-6.335698031,6.030491544
-5.894780366,5.806214567
1.593731409,-6.814788012
0.7060034582,-5.136006511
1.787652737,-5.970802843
4.180355733,9.616004887
3.497790651,7.017421529
-6.425878283,5.627002898
-7.118912975,5.737079971
0.6757707747,-6.480092554
-6.204197533,6.993629819
-0.353732654,-5.240566456
4.167405034,7.209955479
0.7437949909,-6.892158026
-8.040273208,6.318260343
-10.05226091,6.28298662
4.110779969,7.318385063
-5.735353408,4.802768135
5.92298391,7.551070671
4.794703548,8.447135311
-6.795421172,5.853864252
5.804523646,8.425425352
0.7701655949,-5.489566616
-5.920407011,5.515258014
-5.02200047,6.929140022
5.371548872,6.821987066
2.18402234,-6.363634397
5.109123315,9.30533753
0.2606823518,-6.327975989
5.235405091,8.540363179
0.039532661,-7.079921861
-8.875012333,7.22964146
5.204193341,6.420223589
-6.158201382,4.947165429
-0.2096010487,-6.462252189
-7.501719884,7.373870878
-6.570146101,5.812707416
0.3266883933,-7.086425042
1.111199042,-5.850867737
-6.621074181,7.037507017
-5.558655808,4.813127015
1.709211268,-6.303768181
-7.020153318,7.788942917
-6.020266622,4.404567764
-8.062004871,5.283699474
-6.564962444,6.661335402
-0.1535930056,-5.945635409
-8.712298308,4.998573026
4.519849327,6.801153748
3.191537288,7.164672548
0.8972913788,-8.099548059
0.9947618697,-6.986883472
5.346435545,8.40574182
-5.940740747,6.640410758
0.3006635891,-6.123577441
0.007348231002,-7.532018666
0.6915370317,-7.42189723
5.645916843,6.831037408
6.0798624,7.543591716
1.918020521,-6.388564687
5.970088097,7.352507699
0.8826733023,-6.786272306
0.9468539758,-7.25451182
3.180137583,6.608660017
5.454551539,6.461245924
-7.769230068,7.0143835